Hayley,Caldwell,tracker123,HayleyCaldwell@myco.com,6
Daria,Wills,tracker123,DariaWills@myco.com,2
Melina,Ritter,tracker123,MelinaRitter@myco.com,3
Usamah,Sharp,tracker123,UsamahSharp@myco.com,4
Danny,Dixon,tracker123,DannyDixon@myco.com,5
Mahdi,Cruz,tracker123,MahdiCruz@myco.com,6
Joni,Simmons,tracker123,JoniSimmons@myco.com,2
Teejay,Fernandez,tracker123,TeejayFernandez@myco.com,3
Darragh,Montes,tracker123,DarraghMontes@myco.com,4
Sasha,Kirkland,tracker123,SashaKirkland@myco.com,5
Khia,Hayes,tracker123,KhiaHayes@myco.com,6
Jokubas,Strong,tracker123,JokubasStrong@myco.com,2
Billy,Lu,tracker123,BillyLu@myco.com,3
Eli,Mckenzie,tracker123,EliMckenzie@myco.com,4
Presley,Estrada,tracker123,PresleyEstrada@myco.com,5
Aviana,Ryder,tracker123,AvianaRyder@myco.com,6
Sumayya,Terrell,tracker123,SumayyaTerrell@myco.com,2
Coral,Ballard,tracker123,CoralBallard@myco.com,3
Jameson,Burn,tracker123,JamesonBurn@myco.com,4
Daisy-Mae,Hale,tracker123,Daisy-MaeHale@myco.com,5
Baxter,Britt,tracker123,BaxterBritt@myco.com,6
Cristina,Franklin,tracker123,CristinaFranklin@myco.com,2
Byron,Lamb,tracker123,ByronLamb@myco.com,3
Findlay,Snyder,tracker123,FindlaySnyder@myco.com,4
Debbie,Murillo,tracker123,DebbieMurillo@myco.com,5
Arley,Kendall,tracker123,ArleyKendall@myco.com,6
Halima,Hughes,tracker123,HalimaHughes@myco.com,2
Jibril,Monroe,tracker123,JibrilMonroe@myco.com,3
Elina,Devlin,tracker123,ElinaDevlin@myco.com,4
Rohaan,Peel,tracker123,RohaanPeel@myco.com,5
Clarissa,Duke,tracker123,ClarissaDuke@myco.com,6
Kavita,Watt,tracker123,KavitaWatt@myco.com,2
Harriette,Holloway,tracker123,HarrietteHolloway@myco.com,3
Kalem,Mullins,tracker123,KalemMullins@myco.com,4
Yannis,Montgomery,tracker123,YannisMontgomery@myco.com,5
Ayda,Ramirez,tracker123,AydaRamirez@myco.com,6
Glenda,Roberson,tracker123,GlendaRoberson@myco.com,2
Izaac,Milne,tracker123,IzaacMilne@myco.com,3
Ivy,Lynch,tracker123,IvyLynch@myco.com,4
Christina,Bradley,tracker123,ChristinaBradley@myco.com,5
Rhys,Sharples,tracker123,RhysSharples@myco.com,6
Areebah,Mcgee,tracker123,AreebahMcgee@myco.com,2
Willem,Moon,tracker123,WillemMoon@myco.com,3
Nimrah,Banks,tracker123,NimrahBanks@myco.com,4
Montague,Tucker,tracker123,MontagueTucker@myco.com,5
Cody,Buchanan,tracker123,CodyBuchanan@myco.com,6
Israel,Hewitt,tracker123,IsraelHewitt@myco.com,2
Emaan,Knapp,tracker123,EmaanKnapp@myco.com,3
Kristie,Hammond,tracker123,KristieHammond@myco.com,4
Rudi,Freeman,tracker123,RudiFreeman@myco.com,5
Test,Tester,tracker123,TestTester@myco.com,6